folder,examples,time,RRE,RTE
7-scenes-redkitchen,0 1,0:00:03.322339,0.6536058291774358,0.019564537454342824
7-scenes-redkitchen,0 2,0:00:01.640006,2.0335710784662373,0.05776928358816265
7-scenes-redkitchen,0 3,0:00:01.378087,1.4522374083447827,0.038826783646153315
7-scenes-redkitchen,0 4,0:00:01.242181,1.3813868729530752,0.034265654050014804
7-scenes-redkitchen,0 5,0:00:02.597105,0.990717770976604,0.0342480013544251
7-scenes-redkitchen,0 6,0:00:01.879717,0.965410467634858,0.09061840906912699
7-scenes-redkitchen,0 10,0:00:01.418404,1.087792213181048,0.0312423304441111
7-scenes-redkitchen,0 11,0:00:01.922799,1.7604071768154035,0.039841220275371875
7-scenes-redkitchen,0 12,0:00:01.975149,1.6397640237102808,0.02758424059442531
7-scenes-redkitchen,0 13,0:00:01.690608,1.4012833503093656,0.021807029783126652
7-scenes-redkitchen,0 14,0:00:01.569435,1.8044343808262309,0.03756909452488983
7-scenes-redkitchen,0 15,0:00:01.293847,1.2972130392246188,0.04952908066221074
7-scenes-redkitchen,0 19,0:00:02.213875,1.240825891834175,0.04572564741384276
7-scenes-redkitchen,0 26,0:00:02.541189,2.208208552846057,0.07171073724957336
7-scenes-redkitchen,0 27,0:00:02.725813,1.6740218429002727,0.05508479176813962
7-scenes-redkitchen,0 28,0:00:01.754358,1.9394502300292185,0.05087629933102179
7-scenes-redkitchen,0 29,0:00:01.258583,2.316541469882648,0.04268544653138157
7-scenes-redkitchen,0 39,0:00:02.643242,2.027325145520731,0.14599567061788518
7-scenes-redkitchen,1 2,0:00:01.516124,1.6796653028507016,0.04147841787098309
7-scenes-redkitchen,1 3,0:00:01.363145,1.637911625769815,0.03611393623935406
7-scenes-redkitchen,1 4,0:00:01.227328,1.628602161175573,0.03301357787792075
7-scenes-redkitchen,1 5,0:00:01.883437,1.1998964481864678,0.04684030547167441
7-scenes-redkitchen,1 10,0:00:01.618565,1.2707622162341425,0.016169205521036314
7-scenes-redkitchen,1 11,0:00:02.509129,1.6349095299852792,0.02844508093765219
7-scenes-redkitchen,1 12,0:00:03.354654,2.0098206157511367,0.027750699928373194
7-scenes-redkitchen,1 13,0:00:02.883480,1.723432089048861,0.014831727908801436
7-scenes-redkitchen,1 14,0:00:01.876068,1.7121839071960328,0.021432176362309197
7-scenes-redkitchen,1 26,0:00:05.281847,1.185528350020035,0.014309607091905575
7-scenes-redkitchen,1 27,0:00:09.530420,93.50981287671239,3.6010030253834073
7-scenes-redkitchen,1 28,0:00:02.350754,1.7579204971597033,0.058882477414066166
7-scenes-redkitchen,1 29,0:00:01.906856,2.745398768632002,0.06526502726857573
7-scenes-redkitchen,1 31,0:00:02.878492,1.3072077813319043,0.03293014851067749
7-scenes-redkitchen,1 32,0:00:01.794419,1.6752506989734415,0.023608584648720912
7-scenes-redkitchen,1 40,0:00:03.214509,2.772163034422311,0.11307743898950037
7-scenes-redkitchen,2 3,0:00:03.825905,0.6301304477263273,0.015848659676717565
7-scenes-redkitchen,2 11,0:00:02.391500,1.7388293873632064,0.03653300755896696
7-scenes-redkitchen,2 12,0:00:02.113598,2.116853655586941,0.0607412277133662
7-scenes-redkitchen,2 13,0:00:03.041849,1.9616146138224397,0.051299636397205965
7-scenes-redkitchen,2 14,0:00:02.029678,2.2730688390874474,0.03932438629854812
7-scenes-redkitchen,2 27,0:00:09.849018,3.0959049934118026,0.17913612757172204
7-scenes-redkitchen,2 28,0:00:02.724514,1.9779692942163816,0.07252877082924511
7-scenes-redkitchen,2 29,0:00:02.743388,1.5119959936243004,0.011344379785124195
7-scenes-redkitchen,2 30,0:00:03.060367,1.8563319470438704,0.05777515294814166
7-scenes-redkitchen,2 31,0:00:01.775871,2.064668860275273,0.025370781828428456
7-scenes-redkitchen,2 40,0:00:02.983004,1.4518439470746254,0.05154313374545776
7-scenes-redkitchen,2 41,0:00:02.893298,1.8564592523859427,0.05627557784368057
7-scenes-redkitchen,2 42,0:00:01.564476,2.0811482135151342,0.051247293058244076
7-scenes-redkitchen,3 4,0:00:01.339195,0.7252847081462658,0.006992023880653749
7-scenes-redkitchen,3 5,0:00:01.582493,0.7362167348710381,0.02698298544631759
7-scenes-redkitchen,3 10,0:00:01.209167,1.995877678500104,0.06867059621939915
7-scenes-redkitchen,3 11,0:00:01.198689,1.0624924970138852,0.015377864944698717
7-scenes-redkitchen,3 12,0:00:01.884604,1.0686225292480096,0.019015052554871598
7-scenes-redkitchen,3 13,0:00:02.133981,1.201916509752129,0.028351477255652645
7-scenes-redkitchen,3 14,0:00:01.026008,1.8792594793985808,0.03478315361652489
7-scenes-redkitchen,3 26,0:00:02.575690,1.9169233492020528,0.05715649166805256
7-scenes-redkitchen,3 27,0:00:07.094534,1.2618795853688696,0.020113529859409292
7-scenes-redkitchen,3 28,0:00:02.671993,1.1671848509473735,0.016066541303512833
7-scenes-redkitchen,3 29,0:00:01.035229,1.3335531834681154,0.014724735072261208
7-scenes-redkitchen,3 30,0:00:01.794066,1.6037293084306063,0.045654880546188326
7-scenes-redkitchen,3 40,0:00:11.958367,2.3748224512810205,0.10323378904813744
7-scenes-redkitchen,3 41,0:00:02.105175,1.1276731666705082,0.03235914241998466
7-scenes-redkitchen,3 42,0:00:01.535309,0.9167153028384918,0.02790247799731606
7-scenes-redkitchen,3 43,0:00:01.114485,1.1636183348379259,0.03750337097429698
7-scenes-redkitchen,3 44,0:00:00.930642,1.3953689956877238,0.045477403288529235
7-scenes-redkitchen,3 45,0:00:00.788419,1.2283523168020323,0.04077544223674237
7-scenes-redkitchen,4 5,0:00:25.878306,0.33545292857471054,0.015590436745710486
7-scenes-redkitchen,4 6,0:00:02.553139,1.094404175426225,0.059481645190064145
7-scenes-redkitchen,4 7,0:00:03.993681,1.2186572093641685,0.08945259382173584
7-scenes-redkitchen,4 9,0:00:05.233920,0.8632565982407866,0.03305883839528339
7-scenes-redkitchen,4 10,0:00:01.960078,0.901237888411582,0.015202977404414293
7-scenes-redkitchen,4 11,0:00:02.568097,0.7410728615442052,0.007454235439977854
7-scenes-redkitchen,4 12,0:00:01.720852,0.844820802705795,0.00620457336112486
7-scenes-redkitchen,4 13,0:00:01.192056,1.4192731148660607,0.02037533266570087
7-scenes-redkitchen,4 14,0:00:01.864999,2.671056802763142,0.05090744291693143
7-scenes-redkitchen,4 15,0:00:01.035639,2.149393019595328,0.060944858563885124
7-scenes-redkitchen,4 18,0:00:02.573040,1.2188512252163146,0.0741911238205168
7-scenes-redkitchen,4 19,0:00:05.458865,1.4817389956234868,0.054725320504354975
7-scenes-redkitchen,4 25,0:00:01.467828,1.5978488432778215,0.031248742930831405
7-scenes-redkitchen,4 26,0:00:03.310422,1.9263926188734837,0.04590664881453754
7-scenes-redkitchen,4 27,0:00:07.314253,93.59677996454953,3.479886279627112
7-scenes-redkitchen,4 37,0:00:03.001555,1.6827074662919954,0.09191938334110523
7-scenes-redkitchen,4 38,0:00:19.946189,2.1091293477743926,0.508095511077763
7-scenes-redkitchen,4 39,0:00:03.111907,1.948706975089027,0.09437402008953279
7-scenes-redkitchen,5 6,0:00:04.145389,0.75817663505623,0.03455215260634629
7-scenes-redkitchen,5 7,0:00:05.403346,1.2302625540277856,0.06672588641693615
7-scenes-redkitchen,5 8,0:00:03.768618,1.4740469333371933,0.7224300100533086
7-scenes-redkitchen,5 9,0:00:02.001783,0.8921012558907097,0.02532522778166873
7-scenes-redkitchen,5 10,0:00:03.473763,0.8250455257091979,0.010677313176596209
7-scenes-redkitchen,5 11,0:00:02.462397,0.7970633936015202,0.016444442997414658
7-scenes-redkitchen,5 12,0:00:01.787746,0.987320206362307,0.006256529813079283
7-scenes-redkitchen,5 15,0:00:02.446171,1.9682453915837932,0.016894780497585648
7-scenes-redkitchen,5 16,0:00:01.915357,1.4646246716853049,0.10929186731540266
7-scenes-redkitchen,5 17,0:00:01.670274,1.2672230289634216,0.10752878542634851
7-scenes-redkitchen,5 18,0:00:01.671483,1.222501118317702,0.0711715023338163
7-scenes-redkitchen,5 19,0:00:02.723542,1.1872527321763744,0.031574202599908174
7-scenes-redkitchen,5 20,0:00:03.954186,1.0225414208657668,0.10332237520649899
7-scenes-redkitchen,5 25,0:00:01.093345,1.3080665238061258,0.030020453195836058
7-scenes-redkitchen,5 26,0:00:03.946771,1.8423792844825548,0.04863460113580006
7-scenes-redkitchen,5 36,0:00:03.079769,1.3493702794666682,0.049376888937274266
7-scenes-redkitchen,5 37,0:00:03.305510,1.6745258848670301,0.08015299583954048
7-scenes-redkitchen,5 38,0:00:03.039185,2.2819833976011434,0.07738730497985957
7-scenes-redkitchen,5 39,0:00:04.048190,1.9582277118695384,0.11363758745970429
7-scenes-redkitchen,6 7,0:00:01.805392,0.674664518522459,0.017244216886021402
7-scenes-redkitchen,6 8,0:00:04.122483,1.5081991986839984,0.07628507263926289
7-scenes-redkitchen,6 9,0:00:03.259053,1.211161304189665,0.02688170707220006
7-scenes-redkitchen,6 10,0:00:03.093336,0.9264469737002934,0.03571902671936137
7-scenes-redkitchen,6 11,0:00:07.741874,1.2218935749959625,0.07738532397580475
7-scenes-redkitchen,6 12,0:00:01.608607,1.2808853325965752,0.04424553482345805
7-scenes-redkitchen,6 15,0:00:03.618386,1.7961523092978746,0.04552516165070043
7-scenes-redkitchen,6 16,0:00:02.376183,1.3121052103966229,0.09422999490840137
7-scenes-redkitchen,6 17,0:00:03.077477,1.0025961817188849,0.05029454429952388
7-scenes-redkitchen,6 18,0:00:01.787055,1.446570446275907,0.049260648103330335
7-scenes-redkitchen,6 19,0:00:02.213239,1.0378247658820945,0.01206537746268389
7-scenes-redkitchen,6 20,0:00:03.138595,1.064958694356841,0.0573461225619449
7-scenes-redkitchen,6 21,0:00:02.608195,2.81793975311241,0.16966567293815193
7-scenes-redkitchen,6 24,0:00:01.693731,2.0023202195209455,0.061830575343432136
7-scenes-redkitchen,6 25,0:00:01.526099,1.321416656965942,0.025376042331457307
7-scenes-redkitchen,6 26,0:00:01.582220,1.5047170001521475,0.031335451833681645
7-scenes-redkitchen,6 35,0:00:04.466341,109.25497103347773,3.516005566965957
7-scenes-redkitchen,6 36,0:00:02.084202,1.4352581658161991,0.024305940158225927
7-scenes-redkitchen,6 37,0:00:03.464096,1.6282803609439378,0.02485664279588646
7-scenes-redkitchen,6 38,0:00:03.768537,1.832545724978282,0.032013282683951164
7-scenes-redkitchen,6 39,0:00:02.899015,1.613430696368195,0.05582929253883488
7-scenes-redkitchen,6 53,0:00:01.812799,3.4572676930216573,0.0420597272366493
7-scenes-redkitchen,6 54,0:00:35.595534,1.1444099587891055,0.024543017635824668
7-scenes-redkitchen,6 59,0:00:01.834813,1.6314221098623798,0.02582690977256669
7-scenes-redkitchen,7 8,0:00:06.316171,0.5979510787326638,0.03704879552060919
7-scenes-redkitchen,7 9,0:00:04.449955,1.0562707006194405,0.0404443144581847
7-scenes-redkitchen,7 10,0:00:01.208081,1.2069015117736726,0.07304144871578724
7-scenes-redkitchen,7 11,0:00:02.632283,1.3675940582857173,0.08470451463035762
7-scenes-redkitchen,7 15,0:00:02.779489,1.088712855571802,0.04515478938954182
7-scenes-redkitchen,7 16,0:00:03.485860,0.8456326399862286,0.024798530750797597
7-scenes-redkitchen,7 17,0:00:02.862134,1.060769918380334,0.07036907284298542
7-scenes-redkitchen,7 18,0:00:01.884424,1.0202131794916605,0.016008896308426564
7-scenes-redkitchen,7 19,0:00:02.219597,0.9676723627433117,0.025278638176340233
7-scenes-redkitchen,7 20,0:00:03.448762,1.9299877820288476,0.04364895376163942
7-scenes-redkitchen,7 21,0:00:03.696475,2.7767816295063965,0.18619241375751724
7-scenes-redkitchen,7 24,0:00:01.708813,1.4550100859788284,0.04365985616673585
7-scenes-redkitchen,7 25,0:00:03.069054,1.3666171277069983,0.03452546874677051
7-scenes-redkitchen,7 26,0:00:01.897538,1.1774056482218282,0.02780342135389583
7-scenes-redkitchen,7 35,0:00:13.999114,89.35880626356168,3.007566331763409
7-scenes-redkitchen,7 36,0:00:02.837970,1.5453438241158504,0.01984857803750596
7-scenes-redkitchen,7 37,0:00:05.187563,1.518093977791287,0.023339716903366045
7-scenes-redkitchen,7 38,0:00:01.837241,1.3916261951658133,0.013498422564179683
7-scenes-redkitchen,7 39,0:00:05.020174,1.431162229686135,0.01582478336252342
7-scenes-redkitchen,7 53,0:00:02.425737,14.744895721027142,0.33975592946204564
7-scenes-redkitchen,7 54,0:01:00.211761,179.4832215060305,4.664839840879897
7-scenes-redkitchen,7 58,0:00:02.519738,1.024740886381289,0.04438318570711082
7-scenes-redkitchen,7 59,0:00:05.856697,0.9823338851081662,0.029926087382473383
7-scenes-redkitchen,8 9,0:00:06.476913,1.252597435282045,0.05579482837841815
7-scenes-redkitchen,8 16,0:00:28.013436,1.6960479773332569,0.6365163374407385
7-scenes-redkitchen,8 17,0:00:02.362109,0.9404262004909009,0.021241043684670197
7-scenes-redkitchen,8 18,0:00:03.973451,0.9050282544427778,0.026998781878773605
7-scenes-redkitchen,8 19,0:00:03.910939,1.1046619616039053,0.05604271856644839
7-scenes-redkitchen,8 20,0:00:02.795200,1.4077901376925173,0.020173571268995005
7-scenes-redkitchen,8 21,0:00:05.104703,2.2576230287371204,0.07878704026163805
7-scenes-redkitchen,8 22,0:00:03.252000,0.964901091073797,0.047424213062128885
7-scenes-redkitchen,8 23,0:00:02.830355,1.5344378943245738,0.05714860497569106
7-scenes-redkitchen,8 24,0:00:12.348953,1.6711581494708019,0.04969100609411015
7-scenes-redkitchen,8 25,0:00:02.818976,1.3609076077861648,0.03843500180360023
7-scenes-redkitchen,8 35,0:00:02.672645,1.3630622610472776,0.03491149647344503
7-scenes-redkitchen,8 36,0:00:03.476087,1.8011508955275768,0.03112020822627857
7-scenes-redkitchen,8 37,0:00:06.141462,2.088754137936674,0.040911184690651976
7-scenes-redkitchen,8 39,0:00:03.501520,1.7100257231454143,0.042264395277105855
7-scenes-redkitchen,8 54,0:00:02.677977,0.8878377409210518,0.050787136023164994
7-scenes-redkitchen,8 59,0:00:02.146754,8.531309721281508,0.317050395225546
7-scenes-redkitchen,9 10,0:00:01.533004,0.5671420605929332,0.024896859312975236
7-scenes-redkitchen,9 11,0:00:01.135333,0.8914646218094011,0.05198664194567217
7-scenes-redkitchen,9 16,0:00:05.088721,1.464422332131953,0.0979552053480202
7-scenes-redkitchen,9 17,0:00:02.694604,1.421896571749568,0.10506909726928818
7-scenes-redkitchen,9 18,0:00:04.144832,1.055310187912383,0.04769774577278281
7-scenes-redkitchen,9 19,0:00:05.448261,1.1508508775417647,0.01684770931245259
7-scenes-redkitchen,9 20,0:00:04.451969,0.9775525596247759,0.09196341615151574
7-scenes-redkitchen,9 21,0:00:04.073220,1.8771138417545152,0.13123308211890364
7-scenes-redkitchen,9 24,0:00:08.505798,1.4019334566391954,0.055275491273935475
7-scenes-redkitchen,9 25,0:00:02.841161,1.190003657446596,0.01179399274494821
7-scenes-redkitchen,9 26,0:00:01.479577,1.2923983440512798,0.02965165455596248
7-scenes-redkitchen,9 35,0:00:06.659487,1.6769097983858676,0.07604943194268135
7-scenes-redkitchen,9 36,0:00:05.140200,1.3382204844863206,0.08867894828221451
7-scenes-redkitchen,9 37,0:00:08.381196,1.6920775248924804,0.0974901391151861
7-scenes-redkitchen,9 38,0:00:02.535429,2.5221881017053773,0.10167349865025027
7-scenes-redkitchen,9 39,0:00:03.539502,1.6871894776888374,0.059739928322973965
7-scenes-redkitchen,9 54,0:00:02.480673,1.8162075543326448,0.2948690660595051
7-scenes-redkitchen,9 59,0:00:02.176674,2.4114178563716897,0.03702375170195198
7-scenes-redkitchen,10 11,0:00:02.550659,0.7233105806340835,0.01621804168828923
7-scenes-redkitchen,10 12,0:00:04.005356,0.870394655578009,0.014286700947339161
7-scenes-redkitchen,10 13,0:00:02.552567,1.4308631396286544,0.03718239894378408
7-scenes-redkitchen,10 14,0:00:01.056149,2.7007964998683516,0.05465129501899889
7-scenes-redkitchen,10 15,0:00:03.522551,1.466646532431213,0.056253556220320834
7-scenes-redkitchen,10 16,0:00:06.030842,1.5032207563286064,0.13507855886852496
7-scenes-redkitchen,10 17,0:00:13.747787,1.370660386430083,0.5023516364251498
7-scenes-redkitchen,10 18,0:00:03.004210,1.1611352234893897,0.08380301799712035
7-scenes-redkitchen,10 19,0:00:01.877692,1.150770624851585,0.05041120029476248
7-scenes-redkitchen,10 20,0:00:03.004616,1.2884628939742206,0.1424930814192707
7-scenes-redkitchen,10 25,0:00:02.652334,1.0469893680490105,0.047079058649314436
7-scenes-redkitchen,10 26,0:00:04.122685,1.6373921594772942,0.07476765974009558
7-scenes-redkitchen,10 27,0:00:02.631366,3.592312105452574,0.13186863936283952
7-scenes-redkitchen,10 36,0:00:02.672821,1.286038051082273,0.06515946819596145
7-scenes-redkitchen,10 37,0:00:01.786687,1.4543760295417818,0.09278585485347327
7-scenes-redkitchen,10 38,0:00:11.965558,1.5777631629983055,0.6515657301744356
7-scenes-redkitchen,10 39,0:00:07.625944,1.7570848014685316,0.11241759295609748
7-scenes-redkitchen,11 12,0:00:01.460816,0.4882758966361616,0.0013466457558710444
7-scenes-redkitchen,11 13,0:00:01.164763,1.2624018772860588,0.00826158061273968
7-scenes-redkitchen,11 14,0:00:01.491249,2.3352830406369574,0.042680701052205054
7-scenes-redkitchen,11 15,0:00:01.869456,1.9482773705780214,0.03097404007017089
7-scenes-redkitchen,11 18,0:00:02.324699,1.3779881754329337,0.10529558464318894
7-scenes-redkitchen,11 19,0:00:01.864757,1.2253013535365709,0.056679665483352785
7-scenes-redkitchen,11 25,0:00:01.450747,1.5408306095466175,0.038285717380226944
7-scenes-redkitchen,11 26,0:00:03.801154,1.7890059486650316,0.047755413526325875
7-scenes-redkitchen,11 27,0:00:02.258950,1.7665815591798113,0.05844519620548056
7-scenes-redkitchen,11 28,0:00:05.206321,94.09001650919757,2.331504546607655
7-scenes-redkitchen,11 37,0:00:10.442561,1.5123680464103724,0.0908555426454517
7-scenes-redkitchen,11 38,0:00:04.526957,2.020718434866958,0.08473627040445003
7-scenes-redkitchen,11 39,0:00:02.358545,1.8897775342665222,0.10154440638007539
7-scenes-redkitchen,12 13,0:00:01.132632,0.5158521755889556,0.00395777479619161
7-scenes-redkitchen,12 14,0:00:01.175256,2.0023065727164093,0.03534233335556936
7-scenes-redkitchen,12 15,0:00:02.437079,1.7388003175429119,0.03690308524561376
7-scenes-redkitchen,12 19,0:00:01.592227,1.630422015181333,0.027534452846124418
7-scenes-redkitchen,12 26,0:00:03.770932,1.4972379919701495,0.037816925902290605
7-scenes-redkitchen,12 27,0:00:04.901873,1.6110375146450742,0.03441511649166288
7-scenes-redkitchen,12 28,0:00:02.204263,1.4686156999045028,0.05850804583770231
7-scenes-redkitchen,12 29,0:00:02.113291,1.804413331510937,0.05658409664760648
7-scenes-redkitchen,12 37,0:00:02.470068,2.204343381541247,0.03974852282822637
7-scenes-redkitchen,12 40,0:00:02.021353,2.4541288220933595,0.09836768181826616
7-scenes-redkitchen,12 41,0:00:02.292817,2.0466110344165624,0.09479406886530656
7-scenes-redkitchen,12 42,0:00:01.526011,1.9119595207100508,0.07964592595397325
7-scenes-redkitchen,12 43,0:00:00.934742,1.9677600512064537,0.08182957594515175
7-scenes-redkitchen,12 44,0:00:00.811185,1.9334658792858044,0.08282631718719077
7-scenes-redkitchen,13 14,0:00:02.034516,0.9365190269157584,0.016457511076537472
7-scenes-redkitchen,13 15,0:00:02.665030,1.1198293769117416,0.046247038838717114
7-scenes-redkitchen,13 26,0:00:04.110579,1.3070921598981922,0.041704796513761654
7-scenes-redkitchen,13 27,0:00:04.344728,1.4358528702180755,0.018707349457284726
7-scenes-redkitchen,13 28,0:00:01.483252,1.7367943931331868,0.06023070754561534
7-scenes-redkitchen,13 29,0:00:01.076257,1.7150595571495204,0.044687059148882484
7-scenes-redkitchen,13 40,0:00:01.937058,2.526264456158436,0.1075919118448361
7-scenes-redkitchen,13 41,0:00:02.387825,2.270947724615343,0.09893794386288243
7-scenes-redkitchen,13 42,0:00:01.381668,2.1122634036250263,0.0782139678627737
7-scenes-redkitchen,13 43,0:00:02.054021,2.044509444181823,0.07279031241665666
7-scenes-redkitchen,13 44,0:00:01.534355,1.9571103977030437,0.07110314206135163
7-scenes-redkitchen,13 45,0:00:01.066095,1.4277384093840522,0.04856877962534829
7-scenes-redkitchen,14 15,0:00:01.251283,0.4978699994165101,0.012344901457196269
7-scenes-redkitchen,14 19,0:00:11.513253,5.002200613626139,1.7636550731350076
7-scenes-redkitchen,14 25,0:00:03.250644,2.6969601338305043,0.12199546335728075
7-scenes-redkitchen,14 26,0:00:01.799129,2.2941492231017793,0.062474756417213784
7-scenes-redkitchen,14 27,0:00:03.473206,2.1937399572182357,0.03310847987647406
7-scenes-redkitchen,14 28,0:00:08.006891,179.02360341349785,3.3426769611827774
7-scenes-redkitchen,14 29,0:00:02.031189,177.2205015935016,2.9817482165478304
7-scenes-redkitchen,14 37,0:00:03.255458,2.4370340497005616,0.038280718371607535
7-scenes-redkitchen,14 38,0:00:03.646752,1.8500105904235897,0.10898077390806718
7-scenes-redkitchen,14 39,0:00:01.959885,4.162114054199195,0.06259759351382654
7-scenes-redkitchen,14 40,0:00:01.603683,2.669660644514113,0.10753234884479565
7-scenes-redkitchen,14 41,0:00:02.070893,2.9174613873955835,0.11192449880024517
7-scenes-redkitchen,14 42,0:00:01.060205,2.3382119954340643,0.06965102488628551
7-scenes-redkitchen,14 59,0:00:02.512663,2.2164973317375694,0.08212030761738856
7-scenes-redkitchen,15 16,0:00:00.957734,0.5681538112567348,0.06100914536691926
7-scenes-redkitchen,15 17,0:00:01.497787,1.1468710185170197,0.06988337994511323
7-scenes-redkitchen,15 18,0:00:01.798558,1.475312335912763,0.053985515130417674
7-scenes-redkitchen,15 19,0:00:04.414978,1.3038314961169435,0.03695407971114554
7-scenes-redkitchen,15 20,0:00:02.057056,1.9419702148355558,0.09679009585797649
7-scenes-redkitchen,15 25,0:00:01.202143,0.8969990462962152,0.03960734917352033
7-scenes-redkitchen,15 26,0:00:01.785663,1.016227495227636,0.0070610959119364386
7-scenes-redkitchen,15 27,0:00:12.212067,94.01592818082737,3.142859376533004
7-scenes-redkitchen,15 36,0:00:02.696729,1.562096317049216,0.05291162383452772
7-scenes-redkitchen,15 37,0:00:02.474442,1.4069943782362966,0.047484470040599115
7-scenes-redkitchen,15 38,0:00:01.114485,1.2812756609281664,0.13602980806202158
7-scenes-redkitchen,15 39,0:00:01.077451,1.4867776358690115,0.053239518356631245
7-scenes-redkitchen,15 59,0:00:11.241307,0.8849121229682896,0.4213495597754122
7-scenes-redkitchen,16 17,0:00:01.724755,0.7391329058089547,0.020862520170039693
7-scenes-redkitchen,16 18,0:00:05.400870,1.1882032355519054,0.06935117766667216
7-scenes-redkitchen,16 19,0:00:09.755090,1.3718086020591205,0.14840509309061126
7-scenes-redkitchen,16 20,0:00:03.229507,1.674430835798286,0.04441197606945253
7-scenes-redkitchen,16 21,0:00:08.777405,1.9450429566101857,0.06989262222122637
7-scenes-redkitchen,16 22,0:00:04.377046,1.3317120267451374,0.6925454848015925
7-scenes-redkitchen,16 23,0:00:05.109426,1.4301538772368778,0.4035181729547503
7-scenes-redkitchen,16 24,0:00:03.504939,0.988120684698838,0.07424656854792376
7-scenes-redkitchen,16 25,0:00:03.006257,1.0812162678965174,0.0829655906827323
7-scenes-redkitchen,16 26,0:00:05.097327,1.0403484974338595,0.09956999289507733
7-scenes-redkitchen,16 35,0:00:01.548417,1.3124173435953619,0.03640932703360721
7-scenes-redkitchen,16 36,0:00:02.669960,1.425973651016668,0.023551859451599298
7-scenes-redkitchen,16 37,0:00:01.485851,1.3904344536129842,0.022578341350315168
7-scenes-redkitchen,16 38,0:00:05.578340,1.3646331411740829,0.02003151206062344
7-scenes-redkitchen,16 39,0:00:05.132776,1.3968277371748556,0.031287682477940774
7-scenes-redkitchen,16 53,0:00:01.046895,1.5591154772307543,0.022403568816138888
7-scenes-redkitchen,16 54,0:00:07.342104,0.573455266643045,0.017964317614053354
7-scenes-redkitchen,16 55,0:00:01.732764,1.9965392522390837,0.07379707547918547
7-scenes-redkitchen,16 56,0:00:11.979991,113.73382687686858,2.3562032026878614
7-scenes-redkitchen,16 58,0:00:02.214185,0.8940465597917701,0.07476501008851588
7-scenes-redkitchen,16 59,0:00:08.415230,0.5807739020615112,0.013419248262036722
7-scenes-redkitchen,17 18,0:00:04.434490,0.5788141314810596,0.05722483316685228
7-scenes-redkitchen,17 19,0:00:06.801784,0.781864511835899,0.10788281186230898
7-scenes-redkitchen,17 20,0:00:11.607253,0.9248996736563077,0.02180406620231341
7-scenes-redkitchen,17 21,0:00:05.116896,1.8683034445695288,0.10952072273055102
7-scenes-redkitchen,17 22,0:00:04.047415,2.116559209499978,0.09715347806260843
7-scenes-redkitchen,17 23,0:00:02.776984,1.5829294436897978,0.04950138250888592
7-scenes-redkitchen,17 24,0:00:05.508356,0.8375832809721384,0.029680133028864766
7-scenes-redkitchen,17 25,0:00:03.152218,1.491300541408973,0.30797621001604764
7-scenes-redkitchen,17 35,0:00:03.303397,1.477942263432409,0.04586751949872868
7-scenes-redkitchen,17 36,0:00:03.165030,1.4410735452232006,0.021578018455570856
7-scenes-redkitchen,17 37,0:00:03.120931,1.6393501821558965,0.0289232968859367
7-scenes-redkitchen,17 38,0:00:02.936178,1.6450774277056843,0.028178907904297966
7-scenes-redkitchen,17 39,0:00:04.678409,1.4954005990847923,0.036228638233992944
7-scenes-redkitchen,17 53,0:00:01.381357,1.9105077089046383,0.05774893491254103
7-scenes-redkitchen,17 54,0:00:03.703016,0.35298989121486923,0.02374365506823967
7-scenes-redkitchen,17 55,0:00:02.136271,1.9973316546389013,0.08413224754034675
7-scenes-redkitchen,17 58,0:00:01.848839,1.0713282003027786,0.08435283457599264
7-scenes-redkitchen,17 59,0:00:02.727829,1.067995020312913,0.02495130461816774
7-scenes-redkitchen,18 19,0:00:15.744546,0.5963349587622643,0.05896747150234434
7-scenes-redkitchen,18 20,0:00:09.183420,0.10444080230248827,0.011898516829416351
7-scenes-redkitchen,18 21,0:00:06.645766,1.4977370263527767,0.11634425607751386
7-scenes-redkitchen,18 23,0:00:05.423206,1.2375922931145606,0.17199968157494908
7-scenes-redkitchen,18 24,0:00:02.447999,1.0809637569100012,0.02898917052163973
7-scenes-redkitchen,18 25,0:00:03.396152,1.0439186424430593,0.040105115245955184
7-scenes-redkitchen,18 26,0:00:15.251903,179.18784353454217,4.034312137942924
7-scenes-redkitchen,18 35,0:00:02.845566,1.6674732017366358,0.05971177496922835
7-scenes-redkitchen,18 36,0:00:04.274550,1.3911845785862214,0.022536347414019213
7-scenes-redkitchen,18 37,0:00:16.258018,1.2882684453765887,0.021342305186438402
7-scenes-redkitchen,18 38,0:00:08.002801,1.567638256935622,0.02969608629332228
7-scenes-redkitchen,18 39,0:00:12.706707,1.4420218108415799,0.029712635686581387
7-scenes-redkitchen,18 54,0:00:02.470632,0.1785342692591934,0.05694872422155466
7-scenes-redkitchen,18 59,0:00:02.591087,1.398765447069039,0.12584057299308732
7-scenes-redkitchen,19 20,0:00:03.897171,0.15884344887251192,0.08720012247152995
7-scenes-redkitchen,19 21,0:00:09.541791,2.036609465273409,0.16952440055267656
7-scenes-redkitchen,19 24,0:00:04.479501,1.7115577256698724,0.08423440256888881
7-scenes-redkitchen,19 25,0:00:02.038070,1.0101068352418061,0.03961644782534041
7-scenes-redkitchen,19 26,0:00:02.731366,1.1287806083156744,0.04006134071992408
7-scenes-redkitchen,19 36,0:00:03.144504,1.0879440873719368,0.05281560783585369
7-scenes-redkitchen,19 37,0:00:03.294736,1.1927799261923806,0.00841485953387886
7-scenes-redkitchen,19 38,0:00:05.448044,1.5765612108313696,0.1362261844197434
7-scenes-redkitchen,19 39,0:00:03.602530,1.2431107549348135,0.06747678020189572
7-scenes-redkitchen,19 54,0:00:02.968995,0.7658924403600772,0.3368567367751103
7-scenes-redkitchen,19 59,0:00:03.051166,1.276310676457298,0.010176403929990663
7-scenes-redkitchen,20 21,0:00:02.818666,0.855568527811155,0.019382178930123835
7-scenes-redkitchen,20 35,0:00:02.652140,1.4968476295737188,0.04298434599322038
7-scenes-redkitchen,20 36,0:00:01.864100,1.4054130754354488,0.024994105178089844
7-scenes-redkitchen,20 39,0:00:03.524873,1.8196076523365394,0.04186804558478205
7-scenes-redkitchen,21 22,0:00:01.769776,0.764824751887909,0.03161987432820413
7-scenes-redkitchen,21 23,0:00:01.677095,1.1867047500033463,0.030394975387201068
7-scenes-redkitchen,21 24,0:00:03.472463,1.5895729097333737,0.02723948022222131
7-scenes-redkitchen,21 35,0:00:02.300438,1.6853889958076531,0.04131825174250598
7-scenes-redkitchen,21 39,0:00:10.117283,1.3781709714431178,0.03502312112241815
7-scenes-redkitchen,22 23,0:00:04.722368,0.6587246021744371,0.019068977217666212
7-scenes-redkitchen,22 24,0:00:01.934639,1.2894452063233666,0.02694087515180541
7-scenes-redkitchen,22 35,0:00:02.874557,1.6206953492006488,0.0468434409559366
7-scenes-redkitchen,22 36,0:00:02.615284,4.363939645216818,0.1812928562062805
7-scenes-redkitchen,22 54,0:00:03.079530,2.3153152941801554,0.09353429966383459
7-scenes-redkitchen,22 55,0:00:02.052114,2.1280490989783476,0.08901718665447302
7-scenes-redkitchen,23 24,0:00:05.127705,0.8448969517180173,0.06319286238665374
7-scenes-redkitchen,23 35,0:00:01.624266,1.925230204850439,0.0731770313563165
7-scenes-redkitchen,23 36,0:00:01.992488,2.0572314422806315,0.06198469676831925
7-scenes-redkitchen,23 54,0:00:04.637381,1.341107546403319,0.06830402611153301
7-scenes-redkitchen,23 55,0:00:04.033728,2.5341028129064624,0.11657407741397136
7-scenes-redkitchen,24 25,0:00:02.173653,0.5613518932072359,0.02003471535297338
7-scenes-redkitchen,24 35,0:00:02.217002,1.0568591749590235,0.03709548592068199
7-scenes-redkitchen,24 36,0:00:04.679774,1.3689810261008062,0.01585090415499426
7-scenes-redkitchen,24 37,0:00:05.504858,1.326048901305535,0.027334852611848967
7-scenes-redkitchen,24 54,0:00:03.311064,0.0,0.040184175837065496
7-scenes-redkitchen,24 55,0:00:02.172140,1.8020778098484234,0.07708814643814534
7-scenes-redkitchen,24 59,0:00:02.678229,1.1050950853906785,0.05137606037051359
7-scenes-redkitchen,25 26,0:00:02.860827,1.1857275867645167,0.039279066948922255
7-scenes-redkitchen,25 35,0:00:02.086806,179.27408504672488,4.035641732854698
7-scenes-redkitchen,25 36,0:00:05.620260,1.1766861984249262,0.05370155298487953
7-scenes-redkitchen,25 37,0:00:02.132806,1.2475696495589559,0.07597813883483681
7-scenes-redkitchen,25 38,0:00:02.072418,1.5995391993463233,0.07837636546025653
7-scenes-redkitchen,25 39,0:00:02.465126,1.3555276057505945,0.06583597337320482
7-scenes-redkitchen,25 53,0:00:01.996991,1.6600412710678583,0.0023206540337618203
7-scenes-redkitchen,25 54,0:00:04.183804,0.18764234312344974,0.02440849456980908
7-scenes-redkitchen,25 59,0:00:05.305915,1.1845275220625935,0.06746794119816404
7-scenes-redkitchen,26 27,0:00:01.897300,0.7421565134105134,0.03436177722711278
7-scenes-redkitchen,26 36,0:00:02.910849,1.148560416080996,0.6137049220524142
7-scenes-redkitchen,26 37,0:00:07.018466,1.0249752827821021,0.12824137904230343
7-scenes-redkitchen,26 38,0:00:26.128733,1.2579345309707028,0.6345930890138571
7-scenes-redkitchen,26 39,0:00:04.935258,1.2535705550564695,0.1570647023788019
7-scenes-redkitchen,27 28,0:00:04.175299,0.7696477314864661,0.02506329833789536
7-scenes-redkitchen,27 29,0:00:02.074464,2.45922323781707,0.09367953136911862
7-scenes-redkitchen,28 29,0:00:01.452004,1.186240700624615,0.0377685659680533
7-scenes-redkitchen,28 30,0:00:03.110378,2.641617817925236,0.09000131675782813
7-scenes-redkitchen,28 31,0:00:04.785489,1.1570673404545286,0.4334531112125485
7-scenes-redkitchen,28 40,0:00:02.450869,1.7719186875901445,0.08641646344207465
7-scenes-redkitchen,28 41,0:00:02.180027,2.3349490631322394,0.10994338223812151
7-scenes-redkitchen,29 30,0:00:01.561604,1.777287696635691,0.05635974439480252
7-scenes-redkitchen,29 31,0:00:02.153792,1.7976529841306035,0.025580547226985544
7-scenes-redkitchen,29 40,0:00:01.708448,2.242398439736401,0.12083559841438406
7-scenes-redkitchen,29 41,0:00:03.028588,5.927140089045124,0.21653134470677665
7-scenes-redkitchen,29 42,0:00:01.394840,0.0,0.028721119648647753
7-scenes-redkitchen,29 43,0:00:00.627679,0.0,0.035472495021349186
7-scenes-redkitchen,30 31,0:00:00.934886,1.2044159746672245,0.019597727633802364
7-scenes-redkitchen,30 32,0:00:04.494338,2.8241542066797245,0.21730066522767102
7-scenes-redkitchen,30 40,0:00:54.073978,1.5893621255916452,0.0848249366911512
7-scenes-redkitchen,30 41,0:00:02.316078,1.4520764306374314,0.07208671646010449
7-scenes-redkitchen,30 42,0:00:02.849231,1.804656985002663,0.020962568443211208
7-scenes-redkitchen,31 32,0:00:01.931985,0.9396635701134205,0.017925476183227002
7-scenes-redkitchen,31 33,0:00:09.600935,93.79638554776456,1.796198911384985
7-scenes-redkitchen,32 33,0:00:06.368416,23.814532931873128,0.27229776321317706
7-scenes-redkitchen,33 34,0:00:05.347065,8.100348933765819,0.06175686328647601
7-scenes-redkitchen,35 36,0:00:06.404295,0.3566202846876005,0.008237433719599572
7-scenes-redkitchen,35 37,0:00:04.653059,1.0156392404778998,0.022674533139378637
7-scenes-redkitchen,35 53,0:00:00.859301,0.0,0.017719412466059504
7-scenes-redkitchen,35 54,0:00:03.450796,0.0,0.010123265574426195
7-scenes-redkitchen,35 55,0:00:01.969695,1.2349905460333477,0.04419393707889429
7-scenes-redkitchen,35 56,0:00:03.787758,4.6400259928750245,0.14272339937685097
7-scenes-redkitchen,35 57,0:00:03.246636,1.6509731015109905,0.05348773525967216
7-scenes-redkitchen,35 58,0:00:02.258409,0.4795246668074428,0.060730600085962975
7-scenes-redkitchen,35 59,0:00:02.445046,1.2902311393467563,0.06502849775692887
7-scenes-redkitchen,36 37,0:00:05.114267,0.5560967733855107,0.009147893791556432
7-scenes-redkitchen,36 38,0:00:03.719040,0.9244504226569771,0.020578818168798245
7-scenes-redkitchen,36 39,0:00:02.130190,0.8451578687310753,0.026857478431315238
7-scenes-redkitchen,36 53,0:00:01.127717,0.0,0.015083431762949875
7-scenes-redkitchen,36 54,0:00:08.949866,0.0,0.010618007777453671
7-scenes-redkitchen,36 55,0:00:04.357107,1.9373858444594507,0.1099479688211928
7-scenes-redkitchen,36 56,0:00:05.041397,2.523552126310228,0.14325397547047503
7-scenes-redkitchen,36 58,0:00:01.941315,0.0,0.007093522868367856
7-scenes-redkitchen,36 59,0:00:03.446491,0.24608691279647893,0.03442802802960715
7-scenes-redkitchen,37 38,0:00:03.534028,0.49663924651862246,0.01326348658669776
7-scenes-redkitchen,37 39,0:00:05.527880,0.5977634635659274,0.026956585765205175
7-scenes-redkitchen,37 54,0:00:05.462466,0.0,0.018187150812403338
7-scenes-redkitchen,37 55,0:00:04.018361,0.0,0.055425125881588155
7-scenes-redkitchen,37 58,0:00:02.698092,0.0,0.011024844242046255
7-scenes-redkitchen,37 59,0:00:02.440440,0.0,0.03957248594436926
7-scenes-redkitchen,38 39,0:00:02.612448,0.41897056586617676,0.0174688596267362
7-scenes-redkitchen,38 54,0:00:02.929487,0.0,0.01765038395935332
7-scenes-redkitchen,38 58,0:00:02.359593,0.0,0.33474143997965583
7-scenes-redkitchen,38 59,0:00:03.382913,0.0,0.038304216119032376
7-scenes-redkitchen,39 59,0:00:03.399404,0.0,0.005715515588269252
7-scenes-redkitchen,40 41,0:00:02.187258,1.096598629992724,0.033521826817072796
7-scenes-redkitchen,40 42,0:00:01.389814,2.259592411320934,0.06107304709041812
7-scenes-redkitchen,40 43,0:00:01.598409,2.3083770437111477,0.055722445913167364
7-scenes-redkitchen,41 42,0:00:01.824094,0.6274776846379292,0.01840691494475164
7-scenes-redkitchen,41 43,0:00:02.351309,0.639011569622957,0.023398689584992853
7-scenes-redkitchen,41 44,0:00:01.456538,1.40859463895997,0.050513763348775616
7-scenes-redkitchen,42 43,0:00:00.887421,0.3173128252297852,0.012002132276192989
7-scenes-redkitchen,42 44,0:00:01.340627,1.2494568384252178,0.036884081638524024
7-scenes-redkitchen,42 45,0:00:00.896192,2.446771206905119,0.049017741629596066
7-scenes-redkitchen,43 44,0:00:01.214171,0.7527994264479566,0.021525859844761484
7-scenes-redkitchen,43 45,0:00:00.777418,1.7597841927243438,0.03711739982454723
7-scenes-redkitchen,44 45,0:00:01.533127,0.879132469226553,0.03362343629574204
7-scenes-redkitchen,44 46,0:00:00.535520,1.0834175353723599,0.013121211328642884
7-scenes-redkitchen,45 46,0:00:00.475379,0.30262735650314504,0.006661366615529621
7-scenes-redkitchen,45 47,0:00:02.317391,11.215860879476352,0.8699204608953749
7-scenes-redkitchen,46 47,0:00:00.551486,0.7900450493005886,0.017881013501585184
7-scenes-redkitchen,46 48,0:00:00.486614,0.4230452792512128,0.02447483920144197
7-scenes-redkitchen,46 49,0:00:00.777294,2.0224285028722733,1.0635286477209398
7-scenes-redkitchen,46 50,0:00:00.484933,2.0395206206861376,0.046512363817350834
7-scenes-redkitchen,46 51,0:00:00.402279,2.349983468897904,0.04896544750610869
7-scenes-redkitchen,46 52,0:00:00.716410,2.800147046119976,1.10600256411406
7-scenes-redkitchen,47 48,0:00:00.366343,0.5463128448850152,0.0069288602071256875
7-scenes-redkitchen,47 49,0:00:00.449907,1.407059778950461,0.015155426018742438
7-scenes-redkitchen,47 50,0:00:00.371724,2.2125406970339685,0.029526691069784804
7-scenes-redkitchen,47 51,0:00:00.239532,2.8021976709506298,0.04200906973595548
7-scenes-redkitchen,47 52,0:00:00.615458,2.298654512425244,0.0263177609238932
7-scenes-redkitchen,47 53,0:00:00.606524,2.5357769920115034,0.03734344312155169
7-scenes-redkitchen,48 49,0:00:00.391750,0.7312999484046572,0.013345740227733681
7-scenes-redkitchen,48 50,0:00:00.475318,2.011799000439206,0.02115313652615907
7-scenes-redkitchen,48 51,0:00:00.307020,2.4333817471173824,0.034791225252767004
7-scenes-redkitchen,48 52,0:00:00.437559,2.464655190123174,0.018077966498665256
7-scenes-redkitchen,48 53,0:00:00.797340,1.991409809435281,0.03492329978982819
7-scenes-redkitchen,48 54,0:00:27.132012,64.0439322174072,2.576242444083374
7-scenes-redkitchen,49 50,0:00:00.419830,1.7037874061395697,0.02201559884390831
7-scenes-redkitchen,49 52,0:00:00.417515,1.7586628496135708,0.015340861857929235
7-scenes-redkitchen,49 53,0:00:02.458262,1.8801902946169864,0.02749696916706894
7-scenes-redkitchen,49 54,0:00:01.284538,0.8498669346796109,0.10683924086954943
7-scenes-redkitchen,50 51,0:00:00.226164,0.6683562264283209,0.0126355824585937
7-scenes-redkitchen,50 52,0:00:00.263092,0.5830151620483949,0.003984268486252234
7-scenes-redkitchen,50 53,0:00:00.502585,1.4200231685883424,0.03512158546359557
7-scenes-redkitchen,50 54,0:00:11.149565,19.547092079677736,0.851368900277856
7-scenes-redkitchen,51 52,0:00:00.262635,0.7644421744509811,0.012557739551823177
7-scenes-redkitchen,51 53,0:00:00.554981,2.54625290509255,0.04915591474316041
7-scenes-redkitchen,52 53,0:00:00.906420,0.9919470737189954,0.027768734840278447
7-scenes-redkitchen,52 54,0:00:02.219936,1.6837505089680158,0.09990216279628879
7-scenes-redkitchen,53 54,0:00:01.522493,0.8227955888573021,0.010958359502391565
7-scenes-redkitchen,53 55,0:00:01.162988,2.2295132776069093,0.07429308466202494
7-scenes-redkitchen,53 58,0:00:01.539575,1.211090822899841,0.20120421779628628
7-scenes-redkitchen,53 59,0:00:01.141576,2.4032496704932114,0.05253606338428
7-scenes-redkitchen,54 55,0:00:06.588994,1.8825454042540648,0.07736297918567824
7-scenes-redkitchen,54 56,0:00:03.738065,1.7576962819466362,0.06955548486717808
7-scenes-redkitchen,54 57,0:00:02.960744,3.4607542201031087,0.08208018691262622
7-scenes-redkitchen,54 58,0:00:04.006221,0.9063288200619047,0.05721272594338551
7-scenes-redkitchen,54 59,0:00:02.410589,0.9809230943371623,0.017141854879494104
7-scenes-redkitchen,55 56,0:00:04.654123,0.3032175664122353,0.006686473122565735
7-scenes-redkitchen,55 57,0:00:07.260028,2.2022625358678907,0.032544719733710835
7-scenes-redkitchen,55 58,0:00:02.225204,1.6940769088251417,0.07023428845584152
7-scenes-redkitchen,55 59,0:00:04.897515,2.8283607249441594,0.13266176876801822
7-scenes-redkitchen,56 57,0:00:05.976480,1.860221321552024,0.03289244868601596
7-scenes-redkitchen,56 58,0:00:02.601081,0.8717173298903172,0.017681744181183
7-scenes-redkitchen,56 59,0:00:02.928396,2.9318355141071772,0.13116397145280223
7-scenes-redkitchen,57 58,0:00:03.089248,3.2395313246153106,0.062112241598940784
7-scenes-redkitchen,57 59,0:00:07.708862,0.768398092071433,0.007010325578473398
7-scenes-redkitchen,58 59,0:00:06.888259,1.3499160281943023,0.09333904657034607
sun3d-mit_76_studyroom-76-1studyroom2,0 1,0:00:07.081517,2.6978669535948505,0.11130474899956638
sun3d-mit_76_studyroom-76-1studyroom2,0 2,0:00:07.928177,7.622376754245024,0.287665202237081
sun3d-mit_76_studyroom-76-1studyroom2,0 5,0:01:04.308753,19.68201033842866,1.6244738953274909
sun3d-mit_76_studyroom-76-1studyroom2,0 6,0:00:04.290490,8.045855275230368,0.3322019091003492
sun3d-mit_76_studyroom-76-1studyroom2,0 7,0:00:19.935714,8.557526802625139,0.4248807255677159
sun3d-mit_76_studyroom-76-1studyroom2,0 34,0:00:14.225719,39.85734738852601,1.0584999083258237
sun3d-mit_76_studyroom-76-1studyroom2,0 35,0:00:02.286918,1.4629703704711237,0.023969710596949002
sun3d-mit_76_studyroom-76-1studyroom2,0 36,0:00:03.941100,3.137928488376434,0.13285442360346866
sun3d-mit_76_studyroom-76-1studyroom2,0 37,0:00:01.540487,3.7404620940473867,0.11592014186857176
sun3d-mit_76_studyroom-76-1studyroom2,0 38,0:00:16.106443,6.849031702164485,0.43207126921790157
sun3d-mit_76_studyroom-76-1studyroom2,0 46,0:00:03.219008,3.6764926471783697,0.10620381332591283
sun3d-mit_76_studyroom-76-1studyroom2,0 47,0:00:03.966215,2.9204331840690094,0.08735209006236895
sun3d-mit_76_studyroom-76-1studyroom2,0 48,0:00:02.439641,4.572797999145175,0.16725265767601752
sun3d-mit_76_studyroom-76-1studyroom2,0 49,0:00:02.362547,5.511977729904463,0.18636067512087806
sun3d-mit_76_studyroom-76-1studyroom2,1 2,0:00:03.741286,4.375131718977705,0.16111803360292776
sun3d-mit_76_studyroom-76-1studyroom2,1 3,0:00:09.903500,4.518467695960815,0.5595731603798592
sun3d-mit_76_studyroom-76-1studyroom2,1 5,0:00:03.231440,3.522659753394789,0.12455383521889025
sun3d-mit_76_studyroom-76-1studyroom2,1 6,0:00:04.376315,4.793682058166575,0.18729741990384238
sun3d-mit_76_studyroom-76-1studyroom2,1 7,0:00:03.403966,5.134344625335575,0.17162565067977967
sun3d-mit_76_studyroom-76-1studyroom2,1 34,0:00:08.963091,42.75703861970137,1.1912214047572494
sun3d-mit_76_studyroom-76-1studyroom2,1 35,0:00:03.294010,1.6456652213119214,0.08303257302995751
sun3d-mit_76_studyroom-76-1studyroom2,1 36,0:00:07.978786,1.0601620257739592,0.026782174256557777
sun3d-mit_76_studyroom-76-1studyroom2,1 37,0:00:01.644059,1.243210818995375,0.029462349232368516
sun3d-mit_76_studyroom-76-1studyroom2,1 38,0:00:04.702110,3.0798919103803395,0.08758496792290052
sun3d-mit_76_studyroom-76-1studyroom2,1 45,0:00:19.125169,91.60095170770754,1.8341323735241506
sun3d-mit_76_studyroom-76-1studyroom2,1 46,0:00:05.323159,1.6252826687162447,0.04708384763279497
sun3d-mit_76_studyroom-76-1studyroom2,1 47,0:00:45.918391,1.264876236860681,0.2987609326346318
sun3d-mit_76_studyroom-76-1studyroom2,1 48,0:00:01.816361,1.9805216002662753,0.06402293333017302
sun3d-mit_76_studyroom-76-1studyroom2,1 49,0:00:02.590792,2.8851854788912594,0.09595831807295571
sun3d-mit_76_studyroom-76-1studyroom2,2 3,0:00:09.317589,16.60978795100425,0.4331567682719632
sun3d-mit_76_studyroom-76-1studyroom2,2 5,0:00:04.129622,0.9055873590760009,0.02540428137821481
sun3d-mit_76_studyroom-76-1studyroom2,2 6,0:00:18.365644,2.1712037765446306,0.0724824514295405
sun3d-mit_76_studyroom-76-1studyroom2,2 7,0:00:08.945460,1.8694051876387827,0.06258499442719939
sun3d-mit_76_studyroom-76-1studyroom2,2 8,0:00:03.682611,1.6531671210417496,0.05719034357481843
sun3d-mit_76_studyroom-76-1studyroom2,2 35,0:00:04.904524,5.761212395174936,0.18896759799235993
sun3d-mit_76_studyroom-76-1studyroom2,2 36,0:00:03.840359,18.461962537683636,0.39452898259066477
sun3d-mit_76_studyroom-76-1studyroom2,2 37,0:00:17.161009,4.392802970286937,0.1517283088751553
sun3d-mit_76_studyroom-76-1studyroom2,2 38,0:00:12.812313,8.888278484871261,0.2539178105731439
sun3d-mit_76_studyroom-76-1studyroom2,2 45,0:00:09.750504,2.660563713175506,0.11292608148152483
sun3d-mit_76_studyroom-76-1studyroom2,2 46,0:00:12.751169,0.42689184586249507,0.03263228240227446
sun3d-mit_76_studyroom-76-1studyroom2,2 47,0:00:36.621747,2.0073318140712697,0.04499109194380776
sun3d-mit_76_studyroom-76-1studyroom2,2 48,0:00:10.646658,1.7661450565606596,0.06490317367718032
sun3d-mit_76_studyroom-76-1studyroom2,2 49,0:00:13.082412,2.750974129917139,0.09216922119486855
sun3d-mit_76_studyroom-76-1studyroom2,3 4,0:00:10.635767,10.113137805298246,0.21991603450799338
sun3d-mit_76_studyroom-76-1studyroom2,3 5,0:00:15.437791,2.6717983834498606,0.11887562919012677
sun3d-mit_76_studyroom-76-1studyroom2,3 6,0:00:08.205158,13.790352548586041,0.09354749032032823
sun3d-mit_76_studyroom-76-1studyroom2,3 7,0:00:19.811504,0.607772825611549,1.0965793677398918
sun3d-mit_76_studyroom-76-1studyroom2,3 38,0:00:58.870473,47.04763164135473,0.788038849819219
sun3d-mit_76_studyroom-76-1studyroom2,3 39,0:00:13.351003,2.2789725101829332,0.7446626039134112
sun3d-mit_76_studyroom-76-1studyroom2,3 43,0:00:04.967261,1.2527191939703226,0.08485278577788623
sun3d-mit_76_studyroom-76-1studyroom2,3 45,0:00:37.765144,2.0363244422183935,0.9941692431004197
sun3d-mit_76_studyroom-76-1studyroom2,3 46,0:00:13.042486,14.496848737594606,0.20852041603707383
sun3d-mit_76_studyroom-76-1studyroom2,3 47,0:00:29.770327,25.932015528638722,0.3754933204783814
sun3d-mit_76_studyroom-76-1studyroom2,3 48,0:00:16.957964,26.3365511241258,0.8556560974606529
sun3d-mit_76_studyroom-76-1studyroom2,4 5,0:00:30.351667,1.0293378675933482,0.6170399177904016
sun3d-mit_76_studyroom-76-1studyroom2,4 39,0:00:04.521036,1.7044645050779457,1.3209344036706772
sun3d-mit_76_studyroom-76-1studyroom2,4 40,0:00:02.873870,1.519288371733296,0.06740548755258118
sun3d-mit_76_studyroom-76-1studyroom2,4 41,0:00:02.293113,0.862619281360447,0.02754135043359697
sun3d-mit_76_studyroom-76-1studyroom2,4 42,0:00:03.387821,2.721553700149332,0.10385156351800301
sun3d-mit_76_studyroom-76-1studyroom2,4 43,0:00:03.143694,0.13623823841825977,0.03410045420931628
sun3d-mit_76_studyroom-76-1studyroom2,4 46,0:00:20.817657,53.907263329445755,0.84114856512545
sun3d-mit_76_studyroom-76-1studyroom2,4 47,0:00:13.996211,34.06295602944126,0.2982198378972259
sun3d-mit_76_studyroom-76-1studyroom2,4 48,0:00:23.715300,62.452820162605946,2.008941186256519
sun3d-mit_76_studyroom-76-1studyroom2,5 6,0:00:10.131440,1.3831376665733022,0.07038932133763219
sun3d-mit_76_studyroom-76-1studyroom2,5 7,0:00:11.441457,0.7185613782127562,0.04970796099032252
sun3d-mit_76_studyroom-76-1studyroom2,5 38,0:00:48.289107,2.2343160848099055,0.4003567010023666
sun3d-mit_76_studyroom-76-1studyroom2,5 39,0:00:20.626486,2.8803459313533213,1.075130843614875
sun3d-mit_76_studyroom-76-1studyroom2,5 43,0:00:05.386842,2.612367760936028,0.10524795840901861
sun3d-mit_76_studyroom-76-1studyroom2,5 45,0:00:25.682187,1.5712795238824109,1.0080290542739552
sun3d-mit_76_studyroom-76-1studyroom2,5 46,0:00:13.319118,1.969040360458315,0.05983536666626272
sun3d-mit_76_studyroom-76-1studyroom2,5 47,0:00:58.112885,49.179254410069156,1.6234974839472054
sun3d-mit_76_studyroom-76-1studyroom2,5 48,0:00:48.105496,52.156524813107126,1.9933114420186413
sun3d-mit_76_studyroom-76-1studyroom2,5 49,0:00:20.778603,75.04271580183679,2.4508237956197076
sun3d-mit_76_studyroom-76-1studyroom2,6 7,0:00:06.043510,0.2019933233984604,0.007400883584584445
sun3d-mit_76_studyroom-76-1studyroom2,6 35,0:00:42.157004,46.57561020684909,0.6590874531123175
sun3d-mit_76_studyroom-76-1studyroom2,6 36,0:00:08.982992,42.62577128258445,1.0571079172545113
sun3d-mit_76_studyroom-76-1studyroom2,6 37,0:00:57.290592,13.84188158889248,0.2894145686219263
sun3d-mit_76_studyroom-76-1studyroom2,6 38,0:00:46.656793,17.07634608883563,0.4137632492600021
sun3d-mit_76_studyroom-76-1studyroom2,6 39,0:00:03.688148,3.367013399359954,0.12028624746469459
sun3d-mit_76_studyroom-76-1studyroom2,6 44,0:00:05.736125,1.8530326091923714,0.1788966571571438
sun3d-mit_76_studyroom-76-1studyroom2,6 45,0:00:10.123018,1.8853068304205325,0.08763511356283041
sun3d-mit_76_studyroom-76-1studyroom2,6 46,0:00:16.911255,1.5664007798011048,0.06376706819166315
sun3d-mit_76_studyroom-76-1studyroom2,6 47,0:00:13.475528,2.102927352830084,0.035888623363435644
sun3d-mit_76_studyroom-76-1studyroom2,6 48,0:00:04.681095,5.1679757706081295,0.6925465787297269
sun3d-mit_76_studyroom-76-1studyroom2,6 49,0:00:05.589238,1.4612665455944198,0.05250724995570978
sun3d-mit_76_studyroom-76-1studyroom2,7 37,0:00:08.635597,17.644119790502046,0.3501939502681126
sun3d-mit_76_studyroom-76-1studyroom2,7 38,0:00:19.781944,6.287058566962565,0.17127660918269239
sun3d-mit_76_studyroom-76-1studyroom2,7 39,0:00:04.487464,1.95719673029146,0.2299196374380014
sun3d-mit_76_studyroom-76-1studyroom2,7 44,0:00:16.770622,1.920939153958251,0.11101799504300439
sun3d-mit_76_studyroom-76-1studyroom2,7 45,0:00:09.004216,7.455169179360797,0.2638763965594844
sun3d-mit_76_studyroom-76-1studyroom2,7 46,0:00:17.934241,3.748016983775455,0.1242389794487203
sun3d-mit_76_studyroom-76-1studyroom2,7 47,0:01:10.715102,1.0811511895075085,0.02962485912726673
sun3d-mit_76_studyroom-76-1studyroom2,7 48,0:00:31.317354,0.6720822765625751,0.4258002968142959
sun3d-mit_76_studyroom-76-1studyroom2,7 49,0:00:09.808422,1.0409360229520255,0.03675877491898463
sun3d-mit_76_studyroom-76-1studyroom2,8 37,0:00:02.747423,4.890087326337617,0.18513635024847394
sun3d-mit_76_studyroom-76-1studyroom2,8 38,0:00:11.375658,1.9321628979636476,0.042116537926546356
sun3d-mit_76_studyroom-76-1studyroom2,8 39,0:00:03.110532,1.3132021112955026,0.08437675394297492
sun3d-mit_76_studyroom-76-1studyroom2,8 44,0:00:09.342440,2.5794239636235115,0.31175230311627405
sun3d-mit_76_studyroom-76-1studyroom2,8 45,0:00:12.636700,1.6447621564502266,0.03330765144501292
sun3d-mit_76_studyroom-76-1studyroom2,8 46,0:00:25.184215,1.4923867020363928,0.03308017141331143
sun3d-mit_76_studyroom-76-1studyroom2,8 47,0:00:07.184819,2.06882867613585,0.03540956219448014
sun3d-mit_76_studyroom-76-1studyroom2,8 48,0:00:02.947618,108.02662168897339,2.054796673666889
sun3d-mit_76_studyroom-76-1studyroom2,8 49,0:00:04.550048,0.5622647763879297,0.021397177019460867
sun3d-mit_76_studyroom-76-1studyroom2,8 50,0:00:09.650081,3.486144720802572,0.1330519207210669
sun3d-mit_76_studyroom-76-1studyroom2,8 51,0:00:11.873771,8.26027433124365,0.2162723888569976
sun3d-mit_76_studyroom-76-1studyroom2,9 10,0:00:10.892304,1.2885224334727237,0.04983721575730044
sun3d-mit_76_studyroom-76-1studyroom2,9 51,0:00:24.482647,0.3085994412683929,0.023089545134962714
sun3d-mit_76_studyroom-76-1studyroom2,9 52,0:00:39.032613,0.35896432404188355,0.018745492135455392
sun3d-mit_76_studyroom-76-1studyroom2,9 53,0:00:19.928816,0.543447311034493,0.022187627239766555
sun3d-mit_76_studyroom-76-1studyroom2,10 11,0:00:10.774122,0.8803035645364942,0.0383611439494477
sun3d-mit_76_studyroom-76-1studyroom2,10 51,0:00:09.768594,1.2191017791790775,0.6058197008851205
sun3d-mit_76_studyroom-76-1studyroom2,10 52,0:00:15.370594,2.6139912470247535,0.16532222192762192
sun3d-mit_76_studyroom-76-1studyroom2,10 53,0:00:08.841267,0.25389337542540025,0.021934048208922658
sun3d-mit_76_studyroom-76-1studyroom2,10 54,0:00:05.307845,0.49268265574304676,0.017114700957526607
sun3d-mit_76_studyroom-76-1studyroom2,11 12,0:00:23.485420,3.5124796875648117,0.11206858574229009
sun3d-mit_76_studyroom-76-1studyroom2,11 52,0:00:40.029685,2.0780650271159016,0.8890517006391314
sun3d-mit_76_studyroom-76-1studyroom2,11 53,0:00:24.175343,2.1368263356585606,0.07168944491200888
sun3d-mit_76_studyroom-76-1studyroom2,11 54,0:00:14.729158,1.8671883212909812,0.046621490918732494
sun3d-mit_76_studyroom-76-1studyroom2,11 55,0:00:13.082253,2.6630015088713894,0.11155372492846018
sun3d-mit_76_studyroom-76-1studyroom2,12 54,0:00:13.249400,4.801604245004578,0.12708945457126797
sun3d-mit_76_studyroom-76-1studyroom2,12 55,0:00:15.841419,1.0628572868419888,0.03115528101299361
sun3d-mit_76_studyroom-76-1studyroom2,12 56,0:00:01.846781,0.6769029366343526,0.021581111941941285
sun3d-mit_76_studyroom-76-1studyroom2,13 14,0:00:07.366549,21.01683901747339,1.0595027231818661
sun3d-mit_76_studyroom-76-1studyroom2,13 15,0:00:06.475943,43.31352015503567,0.7566135981463171
sun3d-mit_76_studyroom-76-1studyroom2,13 54,0:00:21.424985,178.44298913478008,2.1613999620557998
sun3d-mit_76_studyroom-76-1studyroom2,13 55,0:00:10.293524,1.3340360143475993,0.02856316578735885
